{"cameraMode":{"drawMode":0,"name":"Shaded","section":"Shading Mode"},"sceneLighting":false,"audioPlay":false,"sceneViewState":{"m_AlwaysRefresh":false,"showFog":true,"showSkybox":false,"showFlares":true,"showImageEffects":true,"showParticleSystems":true,"showVisualEffectGraphs":true,"m_FxEnabled":true},"in2DMode":false,"pivot":{"x":2.083266019821167,"y":0.4184947609901428,"z":-1.3754842281341553},"rotation":{"x":0.006355274934321642,"y":0.9924266338348389,"z":-0.10791183263063431,"w":0.05842271074652672},"size":2.6477794647216799,"orthographic":false}