{"cameraMode":{"drawMode":0,"name":"Shaded","section":"Shading Mode"},"sceneLighting":false,"audioPlay":false,"sceneViewState":{"m_AlwaysRefresh":false,"showFog":true,"showSkybox":false,"showFlares":true,"showImageEffects":true,"showParticleSystems":true,"showVisualEffectGraphs":true,"m_FxEnabled":true},"in2DMode":false,"pivot":{"x":1.2915639877319337,"y":0.4184951186180115,"z":-0.5609986782073975},"rotation":{"x":0.6185441017150879,"y":-0.3790755569934845,"z":0.45101287961006167,"w":0.5199382901191711},"size":1.3164831399917603,"orthographic":false}