{"cameraMode":{"drawMode":0,"name":"Shaded","section":"Shading Mode"},"sceneLighting":false,"audioPlay":false,"sceneViewState":{"m_AlwaysRefresh":false,"showFog":true,"showSkybox":false,"showFlares":true,"showImageEffects":true,"showParticleSystems":true,"showVisualEffectGraphs":true,"m_FxEnabled":true},"in2DMode":false,"pivot":{"x":0.9593114852905273,"y":-1.1221392154693604,"z":0.12571097910404206},"rotation":{"x":0.21449625492095948,"y":0.6786564588546753,"z":-0.21799831092357636,"w":0.6677539944648743},"size":1.9177334308624268,"orthographic":false}