{"cameraMode":{"drawMode":0,"name":"Shaded","section":"Shading Mode"},"sceneLighting":true,"audioPlay":false,"sceneViewState":{"m_AlwaysRefresh":false,"showFog":true,"showSkybox":true,"showFlares":true,"showImageEffects":true,"showParticleSystems":true,"showVisualEffectGraphs":true,"m_FxEnabled":true},"in2DMode":false,"pivot":{"x":-0.9526422023773193,"y":-6.788084983825684,"z":0.4876079559326172},"rotation":{"x":0.32516172528266909,"y":0.014749695546925068,"z":-0.005070873070508242,"w":0.9455675482749939},"size":10.29400634765625,"orthographic":false}